JA3 Hash,User-Agent,Prevalence
227ab2ae6ed6abcc249e8a873a033144,Firefox (~68-71),very rare
30017f6f809155387cbcf95be6e7225d,(UA header frequently not set),rare
3cbc88eabdac9af71445f9040a6cf46c,Chrome (~50-57),very rare
53829d58e2631a372bb4de1be2cbecca,Chrome (~51-81),rare
714cdf6e462870e2b85d251a3b22064b,Firefox (~65-68),very rare
86cb13d6bbb3ac96b78b408bcfc18794,Python-requests, many others,common (but rare when used with pulse secure)
8f6747b71d1003df1b7e3e8232b1a7e3,Chrome (~89),rare
916e458922ae9a1bab6b1154689c7de7,Firefox (~60-86),very rare
a29d0d294a6236b5bf0ec2573dd4f02f,Firefox (~77-87), Chrome (~78-90), others,very rare
af26ba5e85475b634275141e6ed3dc54,Python-requests, many others,rare
b592adaa596bb72a5c1ccdbecae52e3f,Chrome (~79-90),rare
c12f54a3f91dc7bafd92cb59fe009a35,Office and many others,very rare